{
	"format_version": "1.8.0",
	"animations": {
		"animation.model.draw": {
			"loop": true,
			"animation_length": 0.8333,
			"bones": {
				"main": {
					"rotation": {
						"0.0": {
							"vector": [31.51303, -42.934, -22.66667]
						},
						"0.1667": {
							"vector": [20.36783, -4.2339, -5.25381]
						},
						"0.2917": {
							"vector": [10.16954, -0.34346, -0.52844]
						},
						"0.4583": {
							"vector": [0, 0, 0],
							"easing": "easeOutQuad"
						},
						"0.5417": {
							"vector": [0, 0, 0]
						}
					},
					"position": {
						"0.0": {
							"vector": [9, -26, -5]
						},
						"0.125": {
							"vector": [7, -10, 1]
						},
						"0.2917": {
							"vector": [4, -4, 1]
						},
						"0.5417": {
							"vector": [0, 0, 0],
							"easing": "easeOutSine"
						}
					}
				}
			}
		},
		"animation.model.reload": {
			"loop": true,
			"animation_length": 2.4,
			"blend_weight": "1",
			"bones": {
				"main": {
					"rotation": {
						"0.0": {
							"vector": [0, 0, 0]
						},
						"0.1333": {
							"vector": [0, -35, 7.5]
						},
						"1.6667": {
							"vector": [0, 0, 0],
							"easing": "linear"
						}
					},
					"position": {
						"0.0": {
							"vector": [0, 0, 0]
						},
						"0.1333": {
							"vector": [2, 0, 4]
						},
						"1.6667": {
							"vector": [0, 0, 0]
						}
					}
				},
				"revolver": {
					"rotation": {
						"0.0": {
							"vector": [0, 0, 0]
						},
						"0.1": {
							"vector": [30.27051, 7.30733, 6.36296]
						},
						"0.2": {
							"vector": [37.09584, 13.82532, 10.95683]
						},
						"0.3": {
							"vector": [36.75217, -13.26101, -19.69272],
							"easing": "linear"
						},
						"0.3667": {
							"vector": [37.09584, 13.82532, 10.95683],
							"easing": "linear"
						},
						"0.6": {
							"vector": [39.43779, -32.6382, 29.71649]
						},
						"0.8333": {
							"vector": [43.55422, -24.01184, 19.77162]
						},
						"0.9333": {
							"vector": [43.38477, -36.37715, 21.63014]
						},
						"1.0": {
							"vector": [47.5502, -38.47613, 27.54587]
						},
						"1.2": {
							"vector": [43.55, -24.01, 19.77]
						},
						"1.3667": {
							"vector": [40.05471, 23.59637, -25.97451]
						},
						"1.4667": {
							"vector": [37.48708, 10.38321, -12.57513]
						},
						"1.9": {
							"vector": [37.48708, 10.38321, -12.57513]
						},
						"2.0": {
							"vector": [19.6473, -0.1995, 5.89998]
						},
						"2.1": {
							"vector": [7.44205, -0.56234, 6.42977]
						},
						"2.2333": {
							"vector": [0, 0, 0],
							"easing": "easeOutQuad"
						}
					},
					"position": {
						"0.0": {
							"vector": [0, 0, 0]
						},
						"0.2": {
							"vector": [0, 0, 0]
						},
						"0.6": {
							"vector": [0, 0, 4]
						},
						"0.7333": {
							"vector": [0, -0.4, 0.03]
						},
						"0.9333": {
							"vector": [0, -3, 1.57]
						},
						"1.1": {
							"vector": [0, 0, 0]
						},
						"1.3667": {
							"vector": [0, 0, 0]
						},
						"1.9": {
							"vector": [0, 0, 0]
						}
					}
				},
				"cylinder": {
					"rotation": {
						"0.0": {
							"vector": [0, 0, 0]
						},
						"1.3": {
							"vector": [0, 0, 0]
						}
					},
					"position": {
						"0.0": {
							"vector": [0, 0, 0]
						},
						"0.3": {
							"vector": [0, 0, 0]
						},
						"0.3667": {
							"vector": [-4.90656, -0.2098, 0.79705]
						},
						"1.3": {
							"vector": [-4.91, -0.21, 0.8]
						},
						"1.3667": {
							"vector": [0, 0, 0]
						}
					}
				},
				"cylinderpart": {
					"rotation": {
						"0.0": {
							"vector": [0, 0, 0]
						},
						"1.3": {
							"vector": [0, 0, 0]
						}
					},
					"position": {
						"0.0": {
							"vector": [0, 0, 0]
						},
						"0.3": {
							"vector": [0, 0, 0]
						},
						"0.3667": {
							"vector": [-4.90656, -0.2098, 0.79705]
						},
						"0.5": {
							"vector": [-4.91, -0.21, 0.8]
						},
						"0.5333": {
							"vector": [-4.91, -0.21, -0.2]
						},
						"0.5667": {
							"vector": [-4.91, -0.21, -1.15]
						},
						"0.6": {
							"vector": [-4.91, -0.21, -2.05]
						},
						"0.6333": {
							"vector": [-4.91, -0.21, -0.89]
						},
						"0.6667": {
							"vector": [-4.91, -0.21, 0.21]
						},
						"0.7": {
							"vector": [-4.91, -0.21, 0.8]
						},
						"1.3": {
							"vector": [-4.91, -0.21, 0.8]
						},
						"1.3667": {
							"vector": [0, 0, 0]
						}
					}
				},
				"rightarm": {
					"rotation": {
						"0.0": {
							"vector": [0, 0, 0]
						},
						"0.0667": {
							"vector": [-15.00708, -14.00191, 0.09803]
						},
						"0.1333": {
							"vector": [-17.56505, -20.00557, 0.29653]
						},
						"0.2": {
							"vector": [-25.08629, -15.00915, 0.48692]
						},
						"0.3": {
							"vector": [-25.13189, -14.6202, 2.61788]
						},
						"0.4": {
							"vector": [-42.53397, -11.141, -0.35544]
						},
						"0.5": {
							"vector": [-26.21778, 6.06731, -6.34403]
						},
						"0.6": {
							"vector": [-29.56395, 7.0811, -7.18288]
						},
						"0.8333": {
							"vector": [-35.20654, -5.40644, -1.27377]
						},
						"1.0": {
							"vector": [-60.16769, -6.36099, -0.65584]
						},
						"1.3333": {
							"vector": [-35.03558, -9.60647, 1.44511]
						},
						"1.4667": {
							"vector": [-39.07697, -36.53935, 20.24149]
						},
						"1.5667": {
							"vector": [-40.66101, -40.50083, 23.67936]
						},
						"1.7667": {
							"vector": [-40.66101, -40.50083, 23.67936]
						},
						"1.8667": {
							"vector": [-35.15292, -15.90987, 5.51298]
						},
						"1.9667": {
							"vector": [-27.55778, -11.39118, 3.36987]
						},
						"2.1": {
							"vector": [0, 0, 0]
						}
					},
					"position": {
						"0.0": {
							"vector": [0, 0, 0]
						},
						"0.0667": {
							"vector": [6, 0, 8]
						},
						"0.1333": {
							"vector": [9, 0, 8]
						},
						"0.2": {
							"vector": [15.75, -2.25, 3]
						},
						"0.4": {
							"vector": [19.54, 0.62, 0]
						},
						"0.5": {
							"vector": [17, 12, -8]
						},
						"0.6": {
							"vector": [19, 7, -2]
						},
						"0.7333": {
							"vector": [17, 11, -11]
						},
						"0.8333": {
							"vector": [21, 11, -9]
						},
						"0.9333": {
							"vector": [21, -1, 3]
						},
						"1.0": {
							"vector": [13.07, -13, 4.6]
						},
						"1.0667": {
							"vector": [12.21, -12.15, -0.8]
						},
						"1.1667": {
							"vector": [9.54, -6.12, 0.07]
						},
						"1.2333": {
							"vector": [14, -1, 15]
						},
						"1.3333": {
							"vector": [14, -9, 15]
						},
						"1.4667": {
							"vector": [8.01991, -9.10244, 15.47749]
						},
						"1.8667": {
							"vector": [4.02, -9.1, 15.48]
						},
						"1.9667": {
							"vector": [1.02, -9.1, 5.48]
						},
						"2.1": {
							"vector": [0, 0, 0]
						}
					}
				},
				"boulets": {
					"rotation": {
						"vector": [0, 0, 0]
					},
					"position": {
						"0.5": {
							"vector": [0, 0, 0]
						},
						"0.5667": {
							"vector": [0, 0, -1]
						},
						"0.6": {
							"vector": [0, 0, -3]
						},
						"0.9": {
							"vector": [0, 0, -124],
							"easing": "easeInSine"
						}
					}
				},
				"boulets2": {
					"rotation": {
						"vector": [0, 0, 0]
					},
					"position": {
						"1.1": {
							"vector": [0, 0, 0]
						},
						"1.1333": {
							"vector": [0, 0, -2]
						}
					}
				}
			}
		},
		"animation.model.fire": {
			"loop": true,
			"animation_length": 0.3,
			"bones": {
				"main": {
					"rotation": {
						"0.0": {
							"vector": [0, 0, 0]
						},
						"0.1": {
							"vector": [5, 0, 0]
						}
					},
					"position": {
						"0.0": {
							"vector": [0, 0, 0]
						},
						"0.1": {
							"vector": [0, 0, 2]
						}
					}
				},
				"revolver": {
					"rotation": {
						"0.0": {
							"vector": [0, 0, 0]
						},
						"0.1": {
							"vector": [5, 0, 0]
						},
						"0.2": {
							"vector": [0, 0, 0]
						}
					},